product_code,local_file,source_url
MBYADD,MBYADD-01.jpg,https://cdn.shopify.com/s/files/1/0778/4018/7715/files/MBYADD-PO-ZOOM.jpg?v=1697708073
MBYADD,MBYADD-02.jpg,https://cdn.shopify.com/s/files/1/0778/4018/7715/files/MBYADD-PO-01.jpg?v=1697708073
MBYADD,MBYADD-03.jpg,https://cdn.shopify.com/s/files/1/0778/4018/7715/files/MBYADD-PO-03.jpg?v=1695546209
MBYBAL,MBYBAL-01.jpg,https://cdn.shopify.com/s/files/1/0778/4018/7715/files/MBYBAL-PO-ZOOM.jpg?v=1697708077
MBYBAL,MBYBAL-02.jpg,https://cdn.shopify.com/s/files/1/0778/4018/7715/files/MBYBAL-PO-01.jpg?v=1697708077
MBYBAL,MBYBAL-03.jpg,https://cdn.shopify.com/s/files/1/0778/4018/7715/files/MBYBAL-PO-03.jpg?v=1695547081
MBYBAL,MBYBAL-04.jpg,https://cdn.shopify.com/s/files/1/0778/4018/7715/files/MBYBAL-PO-02.jpg?v=1695547081
MBYCOK,MBYCOK-01.jpg,https://cdn.shopify.com/s/files/1/0778/4018/7715/files/MBYCOK-PO-ZOOM.jpg?v=1697708081
MBYCOK,MBYCOK-02.jpg,https://cdn.shopify.com/s/files/1/0778/4018/7715/files/MBYCOK-PO-01.jpg?v=1697708081
MBYCOK,MBYCOK-03.jpg,https://cdn.shopify.com/s/files/1/0778/4018/7715/files/MBYCOK-PO-03.jpg?v=1695547493
MBYDOF,MBYDOF-01.jpg,https://cdn.shopify.com/s/files/1/0778/4018/7715/files/MBYDOF-PO-ZOOM.jpg?v=1697708085
MBYDOF,MBYDOF-02.jpg,https://cdn.shopify.com/s/files/1/0778/4018/7715/files/MBYDOF-PO-01.jpg?v=1697708085
MBYDOF,MBYDOF-03.jpg,https://cdn.shopify.com/s/files/1/0778/4018/7715/files/MBYDOF-PO-02.jpg?v=1695547821
MBYEXS,MBYEXS-01.jpg,https://cdn.shopify.com/s/files/1/0778/4018/7715/files/MBYEXS-PO-ZOOM.jpg?v=1697708088
MBYEXS,MBYEXS-02.jpg,https://cdn.shopify.com/s/files/1/0778/4018/7715/files/MBYEXS-PO-01.jpg?v=1697708088
MBYEXS,MBYEXS-03.jpg,https://cdn.shopify.com/s/files/1/0778/4018/7715/files/MBYEXS-PO-02.jpg?v=1695548664
MBYEXS,MBYEXS-04.jpg,https://cdn.shopify.com/s/files/1/0778/4018/7715/files/MBYEXS-PO-03.jpg?v=1695548656
MBYHPE,MBYHPE-01.jpg,https://cdn.shopify.com/s/files/1/0778/4018/7715/files/MBYHPE-PO-ZOOM.jpg?v=1697708102
MBYHPE,MBYHPE-02.jpg,https://cdn.shopify.com/s/files/1/0778/4018/7715/files/MBYHPE-PO-03.jpg?v=1697708102
MBYHPE,MBYHPE-03.jpg,https://cdn.shopify.com/s/files/1/0778/4018/7715/files/MBYHPE-PO-02.jpg?v=1695549276
MBYHPE,MBYHPE-04.jpg,https://cdn.shopify.com/s/files/1/0778/4018/7715/files/MBYHPE-PO-04.jpg?v=1695549276
MBYISP,MBYISP-01.jpg,https://cdn.shopify.com/s/files/1/0778/4018/7715/files/MBYISP-PO-ZOOM.jpg?v=1697708065
MBYISP,MBYISP-02.jpg,https://cdn.shopify.com/s/files/1/0778/4018/7715/files/MBYISP-PO-01.jpg?v=1697708065
MBYISP,MBYISP-03.jpg,https://cdn.shopify.com/s/files/1/0778/4018/7715/files/MBYISP-PO-02.jpg?v=1695550987
MBYISP,MBYISP-04.jpg,https://cdn.shopify.com/s/files/1/0778/4018/7715/files/MBYISP-PO-03.jpg?v=1695550987
MBYJPE,MBYJPE-01.jpg,https://cdn.shopify.com/s/files/1/0778/4018/7715/files/MBYJPE-PO-ZOOM.jpg?v=1697708106
MBYJPE,MBYJPE-02.jpg,https://cdn.shopify.com/s/files/1/0778/4018/7715/files/MBYJPE-PO-01.jpg?v=1697708106
MBYJPE,MBYJPE-03.jpg,https://cdn.shopify.com/s/files/1/0778/4018/7715/files/MBYJPE-PO-02.jpg?v=1695551326
MBYJPE,MBYJPE-04.jpg,https://cdn.shopify.com/s/files/1/0778/4018/7715/files/MBYJPE-PO-03.jpg?v=1695551326
MBYKRK,MBYKRK-01.jpg,https://cdn.shopify.com/s/files/1/0778/4018/7715/files/MBYKRK-PO-ZOOM.jpg?v=1697708119
MBYKRK,MBYKRK-02.jpg,https://cdn.shopify.com/s/files/1/0778/4018/7715/files/MBYKRK-PO-01.jpg?v=1697708119
MBYKRK,MBYKRK-03.jpg,https://cdn.shopify.com/s/files/1/0778/4018/7715/files/MBYKRK-PO-02.jpg?v=1695551606
MBYKRK,MBYKRK-04.jpg,https://cdn.shopify.com/s/files/1/0778/4018/7715/files/MBYKRK-PO-03.jpg?v=1695551606
MBYLEA,MBYLEA-01.jpg,https://cdn.shopify.com/s/files/1/0778/4018/7715/files/MBYLEA-PO-ZOOM.jpg?v=1697708061
MBYLEA,MBYLEA-02.jpg,https://cdn.shopify.com/s/files/1/0778/4018/7715/files/MBYLEA-PO-01.jpg?v=1697708061
MBYLEA,MBYLEA-03.jpg,https://cdn.shopify.com/s/files/1/0778/4018/7715/files/MBYLEA-PO-03.jpg?v=1695552548
MBYLTK,MBYLTK-01.jpg,https://cdn.shopify.com/s/files/1/0778/4018/7715/files/MBYLTK-PO-ZOOM.jpg?v=1697708122
MBYLTK,MBYLTK-02.jpg,https://cdn.shopify.com/s/files/1/0778/4018/7715/files/MBYLTK-PO-01.jpg?v=1697708122
MBYLTK,MBYLTK-03.jpg,https://cdn.shopify.com/s/files/1/0778/4018/7715/files/MBYLTK-PO-02.jpg?v=1695552846
MBYLTK,MBYLTK-04.jpg,https://cdn.shopify.com/s/files/1/0778/4018/7715/files/MBYLTK-PO-03.jpg?v=1695552846
MBYMAD,MBYMAD-01.jpg,https://cdn.shopify.com/s/files/1/0778/4018/7715/files/MBYMAD-PO-ZOOM.jpg?v=1697708069
MBYMAD,MBYMAD-02.jpg,https://cdn.shopify.com/s/files/1/0778/4018/7715/files/MBYMAD-PO-01.jpg?v=1697708069
MBYMAD,MBYMAD-03.jpg,https://cdn.shopify.com/s/files/1/0778/4018/7715/files/MBYMAD-PO-02.jpg?v=1695553214
MBYMCQ,MBYMCQ-01.jpg,https://cdn.shopify.com/s/files/1/0778/4018/7715/files/MBYMCQ-PO-ZOOM.jpg?v=1697708144
MBYMCQ,MBYMCQ-02.jpg,https://cdn.shopify.com/s/files/1/0778/4018/7715/files/MBYMCQ-PO-01.jpg?v=1697708144
MBYMCQ,MBYMCQ-03.jpg,https://cdn.shopify.com/s/files/1/0778/4018/7715/files/MBYMCQ-PO-02.jpg?v=1695553520
MBYMDG,MBYMDG-01.jpg,https://cdn.shopify.com/s/files/1/0778/4018/7715/files/MBYMDG-PO-ZOOM.jpg?v=1697708130
MBYMDG,MBYMDG-02.jpg,https://cdn.shopify.com/s/files/1/0778/4018/7715/files/MBYMDG-PO-01.jpg?v=1697708130
MBYMDG,MBYMDG-03.jpg,https://cdn.shopify.com/s/files/1/0778/4018/7715/files/MBYMDG-PO-02.jpg?v=1695553793
MBYMDG,MBYMDG-04.jpg,https://cdn.shopify.com/s/files/1/0778/4018/7715/files/MBYMDG-PO-03.jpg?v=1695553793
MBYMEX,MBYMEX-01.jpg,https://cdn.shopify.com/s/files/1/0778/4018/7715/files/MBYMEX-PO-ZOOM.jpg?v=1697708138
MBYMEX,MBYMEX-02.jpg,https://cdn.shopify.com/s/files/1/0778/4018/7715/files/MBYMEX-PO-01.jpg?v=1697708138
MBYMEX,MBYMEX-03.jpg,https://cdn.shopify.com/s/files/1/0778/4018/7715/files/MBYMEX-PO-02.jpg?v=1695554018
MBYMPO,MBYMPO-01.jpg,https://cdn.shopify.com/s/files/1/0778/4018/7715/files/MBYMPO-PO-ZOOM.jpg?v=1697708152
MBYMPO,MBYMPO-02.jpg,https://cdn.shopify.com/s/files/1/0778/4018/7715/files/MBYMPO-PO-01.jpg?v=1697708152
MBYMPO,MBYMPO-03.jpg,https://cdn.shopify.com/s/files/1/0778/4018/7715/files/MBYMPO-PO-02.jpg?v=1695554342
MBYMPO,MBYMPO-04.jpg,https://cdn.shopify.com/s/files/1/0778/4018/7715/files/MBYMPO-PO-03.jpg?v=1695554342
MBYMYN,MBYMYN-01.jpg,https://cdn.shopify.com/s/files/1/0778/4018/7715/files/MBYMYN-PO-ZOOM.jpg?v=1697708133
MBYMYN,MBYMYN-02.jpg,https://cdn.shopify.com/s/files/1/0778/4018/7715/files/MBYMYN-PO-01.jpg?v=1697708133
MBYMYN,MBYMYN-03.jpg,https://cdn.shopify.com/s/files/1/0778/4018/7715/files/MBYMYN-PO-02.jpg?v=1695554592
MBYMYN,MBYMYN-04.jpg,https://cdn.shopify.com/s/files/1/0778/4018/7715/files/MBYMYN-PO-03.jpg?v=1695554592
MBYNSK,MBYNSK-01.jpg,https://cdn.shopify.com/s/files/1/0778/4018/7715/files/MBYNSK-PO-ZOOM.jpg?v=1697708155
MBYNSK,MBYNSK-02.jpg,https://cdn.shopify.com/s/files/1/0778/4018/7715/files/MBYNSK-PO-01.jpg?v=1697708155
MBYNSK,MBYNSK-03.jpg,https://cdn.shopify.com/s/files/1/0778/4018/7715/files/MBYNSK-PO-02.jpg?v=1695554832
MBYOAT,MBYOAT-01.jpg,https://cdn.shopify.com/s/files/1/0778/4018/7715/files/MBYOAT-PO-ZOOM.jpg?v=1697708159
MBYOAT,MBYOAT-02.jpg,https://cdn.shopify.com/s/files/1/0778/4018/7715/files/MBYOAT-PO-01.jpg?v=1697708159
MBYOAT,MBYOAT-03.jpg,https://cdn.shopify.com/s/files/1/0778/4018/7715/files/MBYOAT-PO-02.jpg?v=1695555051
MBYOAT,MBYOAT-04.jpg,https://cdn.shopify.com/s/files/1/0778/4018/7715/files/MBYOAT-PO-03.jpg?v=1695555051
MBYPOW,MBYPOW-01.jpg,https://cdn.shopify.com/s/files/1/0778/4018/7715/files/MBYPOW-PO-ZOOM.jpg?v=1697708111
MBYPOW,MBYPOW-02.jpg,https://cdn.shopify.com/s/files/1/0778/4018/7715/files/MBYPOW-PO-01.jpg?v=1697708111
MBYPOW,MBYPOW-03.jpg,https://cdn.shopify.com/s/files/1/0778/4018/7715/files/MBYPOW-PO-03.jpg?v=1695555309
MBYSDW,MBYSDW-01.jpg,https://cdn.shopify.com/s/files/1/0778/4018/7715/files/MBYSDW-PO-ZOOM.jpg?v=1697708170
MBYSDW,MBYSDW-02.jpg,https://cdn.shopify.com/s/files/1/0778/4018/7715/files/MBYSDW-PO-01.jpg?v=1697708170
MBYSDW,MBYSDW-03.jpg,https://cdn.shopify.com/s/files/1/0778/4018/7715/files/MBYSDW-PO-03.jpg?v=1695555540
MBYSKO,MBYSKO-01.jpg,https://cdn.shopify.com/s/files/1/0778/4018/7715/files/MBYSKO-PO-ZOOM.jpg?v=1697708166
MBYSKO,MBYSKO-02.jpg,https://cdn.shopify.com/s/files/1/0778/4018/7715/files/MBYSKO-PO-01.jpg?v=1697708166
MBYSKO,MBYSKO-03.jpg,https://cdn.shopify.com/s/files/1/0778/4018/7715/files/MBYSKO-PO-03.jpg?v=1695555763
MBYSKO,MBYSKO-04.jpg,https://cdn.shopify.com/s/files/1/0778/4018/7715/files/MBYSKO-PO-02.jpg?v=1695555763
MBYSKO,MBYSKO-05.jpg,https://cdn.shopify.com/s/files/1/0778/4018/7715/files/MBYSKO-PO-04.jpg?v=1695555763
MBYTDY,MBYTDY-01.jpg,https://cdn.shopify.com/s/files/1/0778/4018/7715/files/MBYTDY-PO-02.jpg?v=1697708173
MBYTDY,MBYTDY-02.jpg,https://cdn.shopify.com/s/files/1/0778/4018/7715/files/MBYTDY-PO-01.jpg?v=1697708173
MBYTKL,MBYTKL-01.jpg,https://cdn.shopify.com/s/files/1/0778/4018/7715/files/MBYTKL-PO-ZOOM.jpg?v=1697708177
MBYTKL,MBYTKL-02.jpg,https://cdn.shopify.com/s/files/1/0778/4018/7715/files/MBYTKL-PO-01.jpg?v=1697708177
MBYTKL,MBYTKL-03.jpg,https://cdn.shopify.com/s/files/1/0778/4018/7715/files/MBYTKL-PO-03.jpg?v=1695556069
MCYBIT,MCYBIT-01.jpg,https://cdn.shopify.com/s/files/1/0778/4018/7715/files/MCYBIT-PO-ZOOM.jpg?v=1697708364
MCYBIT,MCYBIT-02.jpg,https://cdn.shopify.com/s/files/1/0778/4018/7715/files/MCYBIT-PO-01.jpg?v=1697708364
MCYBIT,MCYBIT-03.jpg,https://cdn.shopify.com/s/files/1/0778/4018/7715/files/MCYBIT-PO-02.jpg?v=1695563126
MCYBIT,MCYBIT-04.jpg,https://cdn.shopify.com/s/files/1/0778/4018/7715/files/MCYBIT-PO-03.jpg?v=1695563126
MCYHVH,MCYHVH-01.jpg,https://cdn.shopify.com/s/files/1/0778/4018/7715/files/MCYHVH-PO-ZOOM.jpg?v=1697708351
MCYHVH,MCYHVH-02.jpg,https://cdn.shopify.com/s/files/1/0778/4018/7715/files/MCYHVH-PO-01.jpg?v=1697708351
MCYHVH,MCYHVH-03.jpg,https://cdn.shopify.com/s/files/1/0778/4018/7715/files/MCYHVH-PO-03.jpg?v=1695563639
MCYMEL,MCYMEL-01.jpg,https://cdn.shopify.com/s/files/1/0778/4018/7715/files/MCYMEL-PO-ZOOM.jpg?v=1697708368
MCYMEL,MCYMEL-02.jpg,https://cdn.shopify.com/s/files/1/0778/4018/7715/files/MCYMEL-PO-01.jpg?v=1697708368
MCYMEL,MCYMEL-03.jpg,https://cdn.shopify.com/s/files/1/0778/4018/7715/files/MCYMEL-PO-02.jpg?v=1695563870
MCYMEL,MCYMEL-04.jpg,https://cdn.shopify.com/s/files/1/0778/4018/7715/files/MCYMEL-PO-03.jpg?v=1695563870
MCYSRD,MCYSRD-01.jpg,https://cdn.shopify.com/s/files/1/0778/4018/7715/files/MCYSRD-PO-ZOOM.jpg?v=1697708375
MCYSRD,MCYSRD-02.jpg,https://cdn.shopify.com/s/files/1/0778/4018/7715/files/MCYSRD-PO-01A.jpg?v=1697708375
MCYSRD,MCYSRD-03.jpg,https://cdn.shopify.com/s/files/1/0778/4018/7715/files/MCYSRD-PO-03.jpg?v=1695564148
MCYSRD,MCYSRD-04.jpg,https://cdn.shopify.com/s/files/1/0778/4018/7715/files/MCYSRD-PO-04.jpg?v=1695564148
MCYSUG,MCYSUG-01.jpg,https://cdn.shopify.com/s/files/1/0778/4018/7715/files/MCYSUG-PO-ZOOM.jpg?v=1697708379
MCYSUG,MCYSUG-02.jpg,https://cdn.shopify.com/s/files/1/0778/4018/7715/files/MCYSUG-PO-01.jpg?v=1697708379
MCYSUG,MCYSUG-03.jpg,https://cdn.shopify.com/s/files/1/0778/4018/7715/files/MCYSUG-PO-02.jpg?v=1695564326
MCYTEL,MCYTEL-01.jpg,https://cdn.shopify.com/s/files/1/0778/4018/7715/files/MCYTEL-PO-ZOOM.jpg?v=1697708372
MCYTEL,MCYTEL-02.jpg,https://cdn.shopify.com/s/files/1/0778/4018/7715/files/MCYTEL-PO-03.jpg?v=1697708372
MCYTEL,MCYTEL-03.jpg,https://cdn.shopify.com/s/files/1/0778/4018/7715/files/MCYTEL-PO-01.jpg?v=1695564479
MCYTEL,MCYTEL-04.jpg,https://cdn.shopify.com/s/files/1/0778/4018/7715/files/MCYTEL-PO-02.jpg?v=1695564479
MBYDTP,MBYDTP-01.jpg,https://cdn.shopify.com/s/files/1/0778/4018/7715/files/MBYDTP-PO-ZOOM.jpg?v=1710586815
MBYDTP,MBYDTP-02.jpg,https://cdn.shopify.com/s/files/1/0778/4018/7715/files/MBYDTP-PO-01.jpg?v=1710586815
MBYDTP,MBYDTP-03.jpg,https://cdn.shopify.com/s/files/1/0778/4018/7715/files/MBYDTP-PO-02.jpg?v=1710586815
MBYDTP,MBYDTP-04.jpg,https://cdn.shopify.com/s/files/1/0778/4018/7715/files/MBYDTP-PO-03.jpg?v=1710586815
MBYKBK,MBYKBK-01.jpg,https://cdn.shopify.com/s/files/1/0778/4018/7715/files/MBYKBK-PO-ZOOM.jpg?v=1724868232
MBYKBK,MBYKBK-02.jpg,https://cdn.shopify.com/s/files/1/0778/4018/7715/files/MBYKBK-PO-02.jpg?v=1724868232
MBYKBK,MBYKBK-03.jpg,https://cdn.shopify.com/s/files/1/0778/4018/7715/files/MBYKBK-PO-01.jpg?v=1724868232
MBYKBK,MBYKBK-04.jpg,https://cdn.shopify.com/s/files/1/0778/4018/7715/files/MBYKBK-PO-03.jpg?v=1724868233
MBYMXG,MBYMXG-01.jpg,https://cdn.shopify.com/s/files/1/0778/4018/7715/files/MBYMXG-PO-ZOOM.jpg?v=1724931205
MBYMXG,MBYMXG-02.jpg,https://cdn.shopify.com/s/files/1/0778/4018/7715/files/MBYMXG-PO-03.jpg?v=1724931206
MBYMXG,MBYMXG-03.jpg,https://cdn.shopify.com/s/files/1/0778/4018/7715/files/MBYMXG-PO-02.jpg?v=1724931204
MBYMXG,MBYMXG-04.jpg,https://cdn.shopify.com/s/files/1/0778/4018/7715/files/MBYMXG-PO-01.jpg?v=1724931204
MBYNKO,MBYNKO-01.jpg,https://cdn.shopify.com/s/files/1/0778/4018/7715/files/MBYNKO-PO-ZOOM.jpg?v=1724931794
MBYNKO,MBYNKO-02.jpg,https://cdn.shopify.com/s/files/1/0778/4018/7715/files/MBYNKO-PO-03.jpg?v=1724931793
MBYNKO,MBYNKO-03.jpg,https://cdn.shopify.com/s/files/1/0778/4018/7715/files/MBYNKO-PO-02.jpg?v=1724931793
MBYNKO,MBYNKO-04.jpg,https://cdn.shopify.com/s/files/1/0778/4018/7715/files/MBYNKO-PO-01.jpg?v=1724931793
MBYTVN,MBYTVN-01.jpg,https://cdn.shopify.com/s/files/1/0778/4018/7715/files/MBYTVN-PO-ZOOM_52a9fdff-756a-4b0b-8953-bd3843b67008.jpg?v=1724932615
MBYTVN,MBYTVN-02.jpg,https://cdn.shopify.com/s/files/1/0778/4018/7715/files/MBYTVN-PO-03_2e34f0b0-1c43-434a-8b2c-d8a31a4c64cd.jpg?v=1724932614
MBYTVN,MBYTVN-03.jpg,https://cdn.shopify.com/s/files/1/0778/4018/7715/files/MBYTVN-PO-02_5a7a3df0-3542-4b0a-8e7b-c7837398fb8f.jpg?v=1724932614
MBYTVN,MBYTVN-04.jpg,https://cdn.shopify.com/s/files/1/0778/4018/7715/files/MBYTVN-PO-01_92ac0026-43c2-49e8-9c0a-0071c0d2db15.jpg?v=1724932614
MCYFMZ,MCYFMZ-01.jpg,https://cdn.shopify.com/s/files/1/0778/4018/7715/files/MCYFMZ-PO-ZOOM.jpg?v=1724933303
MCYFMZ,MCYFMZ-02.jpg,https://cdn.shopify.com/s/files/1/0778/4018/7715/files/MCYFMZ-PO-03.jpg?v=1724933304
MCYFMZ,MCYFMZ-03.jpg,https://cdn.shopify.com/s/files/1/0778/4018/7715/files/MCYFMZ-PO-02.jpg?v=1724933304
MCYFMZ,MCYFMZ-04.jpg,https://cdn.shopify.com/s/files/1/0778/4018/7715/files/MCYFMZ-PO-01-ICON.jpg?v=1724933304
MCYMCN,MCYMCN-01.jpg,https://cdn.shopify.com/s/files/1/0778/4018/7715/files/MCYMCN-PO-ZOOM_a948d6d8-45f5-4556-a04a-443f4fb8b6b7.jpg?v=1725206738
MCYMCN,MCYMCN-02.jpg,https://cdn.shopify.com/s/files/1/0778/4018/7715/files/MCYMCN-PO-03.jpg?v=1724933983
MCYMCN,MCYMCN-03.jpg,https://cdn.shopify.com/s/files/1/0778/4018/7715/files/MCYMCN-PO-02.jpg?v=1724933983
MCYMCN,MCYMCN-04.jpg,https://cdn.shopify.com/s/files/1/0778/4018/7715/files/MCYMCN-PO-01-ICON.jpg?v=1724933983
MBYCLB,MBYCLB-01.jpg,https://cdn.shopify.com/s/files/1/0778/4018/7715/files/MBYCLB-PO-ZOOM.jpg?v=1741860576
MBYCLB,MBYCLB-02.jpg,https://cdn.shopify.com/s/files/1/0778/4018/7715/files/MBYCLB-PO-02.jpg?v=1741860626
MBYCLB,MBYCLB-03.jpg,https://cdn.shopify.com/s/files/1/0778/4018/7715/files/MBYCLB-PO-01.jpg?v=1741860626
MBYCLB,MBYCLB-04.jpg,https://cdn.shopify.com/s/files/1/0778/4018/7715/files/MBYCLB-PO-03.jpg?v=1741860601
MBYJLD,MBYJLD-01.jpg,https://cdn.shopify.com/s/files/1/0778/4018/7715/files/MBYJLD-PO-ZOOM.jpg?v=1741862614
MBYJLD,MBYJLD-02.jpg,https://cdn.shopify.com/s/files/1/0778/4018/7715/files/MBYJLD-PO-02.jpg?v=1741862614
MBYJLD,MBYJLD-03.jpg,https://cdn.shopify.com/s/files/1/0778/4018/7715/files/MBYJLD-PO-03.jpg?v=1741862614
MBYJLD,MBYJLD-04.jpg,https://cdn.shopify.com/s/files/1/0778/4018/7715/files/MBYJLD-PO-01.jpg?v=1741862614
MBYPCS,MBYPCS-01.jpg,https://cdn.shopify.com/s/files/1/0778/4018/7715/files/MBYPCS-PO-ZOOM.jpg?v=1741862854
MBYPCS,MBYPCS-02.jpg,https://cdn.shopify.com/s/files/1/0778/4018/7715/files/MBYPCS-PO-01.jpg?v=1741862854
MBYPCS,MBYPCS-03.jpg,https://cdn.shopify.com/s/files/1/0778/4018/7715/files/MBYPCS-PO-02.jpg?v=1741862854
MBYPCS,MBYPCS-04.jpg,https://cdn.shopify.com/s/files/1/0778/4018/7715/files/MBYPCS-PO-03.jpg?v=1741862854
MBYPDS,MBYPDS-01.jpg,https://cdn.shopify.com/s/files/1/0778/4018/7715/files/MBYPDS-PO-ZOOM.jpg?v=1741863042
MBYPDS,MBYPDS-02.jpg,https://cdn.shopify.com/s/files/1/0778/4018/7715/files/MBYPDS-PO-01.jpg?v=1741863049
MBYPDS,MBYPDS-03.jpg,https://cdn.shopify.com/s/files/1/0778/4018/7715/files/MBYPDS-PO-03.jpg?v=1741863049
MBYPDS,MBYPDS-04.jpg,https://cdn.shopify.com/s/files/1/0778/4018/7715/files/MBYPDS-PO-02.jpg?v=1741863043
MBYPYH,MBYPYH-01.jpg,https://cdn.shopify.com/s/files/1/0778/4018/7715/files/MBYPYH-PO-ZOOM.jpg?v=1741863199
MBYPYH,MBYPYH-02.jpg,https://cdn.shopify.com/s/files/1/0778/4018/7715/files/MBYPYH-PO-01.jpg?v=1741863199
MBYPYH,MBYPYH-03.jpg,https://cdn.shopify.com/s/files/1/0778/4018/7715/files/MBYPYH-PO-03.jpg?v=1741863199
MBYPYH,MBYPYH-04.jpg,https://cdn.shopify.com/s/files/1/0778/4018/7715/files/MBYPYH-PO-02.jpg?v=1741863199
MCYSBN,MCYSBN-01.jpg,https://cdn.shopify.com/s/files/1/0778/4018/7715/files/MCYSBN-PO-ZOOM.jpg?v=1741863511
MCYSBN,MCYSBN-02.jpg,https://cdn.shopify.com/s/files/1/0778/4018/7715/files/MCYSBN-PO-01-ICON.jpg?v=1741863511
MCYSBN,MCYSBN-03.jpg,https://cdn.shopify.com/s/files/1/0778/4018/7715/files/MCYSBN-PO-01.jpg?v=1741863511
MCYSBN,MCYSBN-04.jpg,https://cdn.shopify.com/s/files/1/0778/4018/7715/files/MCYSBN-PO-03.jpg?v=1741863511
MCYSBN,MCYSBN-05.jpg,https://cdn.shopify.com/s/files/1/0778/4018/7715/files/MCYSBN-PO-02.jpg?v=1741863509
MCYSTR,MCYSTR-01.jpg,https://cdn.shopify.com/s/files/1/0778/4018/7715/files/MCYSTR-PO-ZOOM_4c5d85bb-0c90-463b-a2d1-6088c580c78b.jpg?v=1741864157
MCYSTR,MCYSTR-02.jpg,https://cdn.shopify.com/s/files/1/0778/4018/7715/files/MCYSTR-PO-01-ICON_90ea2b11-6a26-4993-b591-1696cbeb3c39.jpg?v=1741864157
MCYSTR,MCYSTR-03.jpg,https://cdn.shopify.com/s/files/1/0778/4018/7715/files/MCYSTR-PO-03_c909a012-d19b-4903-9bb4-ff0525bf4e5f.jpg?v=1741864157
MCYSTR,MCYSTR-04.jpg,https://cdn.shopify.com/s/files/1/0778/4018/7715/files/MCYSTR-PO-02_945bffb9-ce1d-4c4c-9650-4bdfb4822d31.jpg?v=1741864157
MCYSTR,MCYSTR-05.jpg,https://cdn.shopify.com/s/files/1/0778/4018/7715/files/MCYSTR-PO-01_dccb2f71-5d47-4c94-9e5a-628fa3c006ba.jpg?v=1741864157
MCYDVG,MCYDVG-01.jpg,https://cdn.shopify.com/s/files/1/0778/4018/7715/files/MCYDVG-PO-ZOOM_339e7191-30fa-42b6-bae0-0d71b809d980.jpg?v=1765188173
MCYDVG,MCYDVG-02.jpg,https://cdn.shopify.com/s/files/1/0778/4018/7715/files/MCYDVG-PO-01-ICON_6c994e44-eb44-4b0d-a096-c1a8b3922f33.jpg?v=1765188172
MCYDVG,MCYDVG-03.jpg,https://cdn.shopify.com/s/files/1/0778/4018/7715/files/MCYDVG-PO-02_8acb8061-c913-41f1-950d-f70c85557995.jpg?v=1765188172
MCYDVG,MCYDVG-04.jpg,https://cdn.shopify.com/s/files/1/0778/4018/7715/files/MCYDVG-PO-03_0961b2c6-a5aa-4153-9e8d-60e217125b12.jpg?v=1765188173
MCYNLF,MCYNLF-01.jpg,https://cdn.shopify.com/s/files/1/0778/4018/7715/files/MCYNLF-PO-ZOOM.jpg?v=1765188422
MCYNLF,MCYNLF-02.jpg,https://cdn.shopify.com/s/files/1/0778/4018/7715/files/MCYNLF-PO-01.jpg?v=1765188453
MCYNLF,MCYNLF-03.jpg,https://cdn.shopify.com/s/files/1/0778/4018/7715/files/MCYNLF-PO-03.jpg?v=1765188453
MCYNLF,MCYNLF-04.jpg,https://cdn.shopify.com/s/files/1/0778/4018/7715/files/MCYNLF-PO-02.jpg?v=1765188453
MBYCDS,MBYCDS-01.jpg,https://cdn.shopify.com/s/files/1/0778/4018/7715/files/MBYCDS-PO-ZOOM.jpg?v=1771521187
MBYCDS,MBYCDS-02.jpg,https://cdn.shopify.com/s/files/1/0778/4018/7715/files/MBYCDS-PO-01.jpg?v=1771521187
MBYCDS,MBYCDS-03.jpg,https://cdn.shopify.com/s/files/1/0778/4018/7715/files/MBYCDS-PO-02.jpg?v=1771521187
MBYCDS,MBYCDS-04.jpg,https://cdn.shopify.com/s/files/1/0778/4018/7715/files/MBYCDS-PO-03.jpg?v=1771521187
MBYFMR,MBYFMR-01.jpg,https://cdn.shopify.com/s/files/1/0778/4018/7715/files/MBYFMR-PO-01.jpg?v=1783441682
MBYFMR,MBYFMR-02.jpg,https://cdn.shopify.com/s/files/1/0778/4018/7715/files/MBYFMR-PO-02.jpg?v=1783441682
MBYFMR,MBYFMR-03.jpg,https://cdn.shopify.com/s/files/1/0778/4018/7715/files/MBYFMR-PO-03.jpg?v=1783441681
MBYFMR,MBYFMR-04.jpg,https://cdn.shopify.com/s/files/1/0778/4018/7715/files/MBYFMR-PO-ZOOM.jpg?v=1783441681
MBYHGS,MBYHGS-01.jpg,https://cdn.shopify.com/s/files/1/0778/4018/7715/files/MBYHGS-PO-ZOOM.jpg?v=1771521599
MBYHGS,MBYHGS-02.jpg,https://cdn.shopify.com/s/files/1/0778/4018/7715/files/MBYHGS-PO-03.jpg?v=1771521599
MBYHGS,MBYHGS-03.jpg,https://cdn.shopify.com/s/files/1/0778/4018/7715/files/MBYHGS-PO-02.jpg?v=1771521599
MBYHGS,MBYHGS-04.jpg,https://cdn.shopify.com/s/files/1/0778/4018/7715/files/MBYHGS-PO-01.jpg?v=1771521599
MBYKBM,MBYKBM-01.jpg,https://cdn.shopify.com/s/files/1/0778/4018/7715/files/MBYKBM-PO-ZOOM.jpg?v=1771521718
MBYKBM,MBYKBM-02.jpg,https://cdn.shopify.com/s/files/1/0778/4018/7715/files/MBYKBM-PO-01.jpg?v=1771521718
MBYKBM,MBYKBM-03.jpg,https://cdn.shopify.com/s/files/1/0778/4018/7715/files/MBYKBM-PO-02.jpg?v=1771521718
MBYKBM,MBYKBM-04.jpg,https://cdn.shopify.com/s/files/1/0778/4018/7715/files/MBYKBM-PO-03.jpg?v=1771521718
MBYTCL,MBYTCL-01.jpg,https://cdn.shopify.com/s/files/1/0778/4018/7715/files/MBYTCL-PO-ZOOM.jpg?v=1783441801
MBYTCL,MBYTCL-02.jpg,https://cdn.shopify.com/s/files/1/0778/4018/7715/files/MBYTCL-PO-01.jpg?v=1783441800
MBYTCL,MBYTCL-03.jpg,https://cdn.shopify.com/s/files/1/0778/4018/7715/files/MBYTCL-PO-02.jpg?v=1783441800
MBYTCL,MBYTCL-04.jpg,https://cdn.shopify.com/s/files/1/0778/4018/7715/files/MBYTCL-PO-03.jpg?v=1783441800
MBYVCE,MBYVCE-01.jpg,https://cdn.shopify.com/s/files/1/0778/4018/7715/files/MBYVCE-PO-ZOOM.jpg?v=1771521929
MBYVCE,MBYVCE-02.jpg,https://cdn.shopify.com/s/files/1/0778/4018/7715/files/MBYVCE-PO-03.jpg?v=1771521930
MBYVCE,MBYVCE-03.jpg,https://cdn.shopify.com/s/files/1/0778/4018/7715/files/MBYVCE-PO-02.jpg?v=1771521930
MBYVCE,MBYVCE-04.jpg,https://cdn.shopify.com/s/files/1/0778/4018/7715/files/MBYVCE-PO-01.jpg?v=1771521930
MBYWWR,MBYWWR-01.jpg,https://cdn.shopify.com/s/files/1/0778/4018/7715/files/MBYWWR-PO-ZOOM.jpg?v=1771522060
MBYWWR,MBYWWR-02.jpg,https://cdn.shopify.com/s/files/1/0778/4018/7715/files/MBYWWR-PO-03.jpg?v=1771522059
MBYWWR,MBYWWR-03.jpg,https://cdn.shopify.com/s/files/1/0778/4018/7715/files/MBYWWR-PO-02.jpg?v=1771522060
MBYWWR,MBYWWR-04.jpg,https://cdn.shopify.com/s/files/1/0778/4018/7715/files/MBYWWR-PO-01.jpg?v=1771522060
MBYCDR,MBYCDR-01.jpg,https://cdn.shopify.com/s/files/1/0778/4018/7715/files/MBYCDR-PO-ZOOM.jpg?v=1771522424
MBYCDR,MBYCDR-02.jpg,https://cdn.shopify.com/s/files/1/0778/4018/7715/files/MBYCDR-PO-03.jpg?v=1771522425
MBYCDR,MBYCDR-03.jpg,https://cdn.shopify.com/s/files/1/0778/4018/7715/files/MBYCDR-PO-02.jpg?v=1771522425
MBYCDR,MBYCDR-04.jpg,https://cdn.shopify.com/s/files/1/0778/4018/7715/files/MBYCDR-PO-01.jpg?v=1771522425
MBYKOR,MBYKOR-01.jpg,https://cdn.shopify.com/s/files/1/0778/4018/7715/files/MBYKOR-PO-ZOOM.jpg?v=1771522474
MBYKOR,MBYKOR-02.jpg,https://cdn.shopify.com/s/files/1/0778/4018/7715/files/MBYKOR-PO-03.jpg?v=1771522475
MBYKOR,MBYKOR-03.jpg,https://cdn.shopify.com/s/files/1/0778/4018/7715/files/MBYKOR-PO-02.jpg?v=1771522474
MBYKOR,MBYKOR-04.jpg,https://cdn.shopify.com/s/files/1/0778/4018/7715/files/MBYKOR-PO-01.jpg?v=1771522476
MCYGMY,MCYGMY-01.jpg,https://cdn.shopify.com/s/files/1/0778/4018/7715/files/MCYGMY-PO-ZOOM.jpg?v=1771522695
MCYGMY,MCYGMY-02.jpg,https://cdn.shopify.com/s/files/1/0778/4018/7715/files/MCYGMY-PO-03.jpg?v=1771522696
MCYGMY,MCYGMY-03.jpg,https://cdn.shopify.com/s/files/1/0778/4018/7715/files/MCYGMY-PO-02.jpg?v=1771522696
MCYGMY,MCYGMY-04.jpg,https://cdn.shopify.com/s/files/1/0778/4018/7715/files/MCYGMY-PO-01.jpg?v=1771522695
