sku,print,velikost,zaloga
MBYADD-XS,AROUND THE WORLD,XS,1
MBYADD-S,AROUND THE WORLD,S,1
MBYADD-XXL,AROUND THE WORLD,XXL,3
MBYBAL-XXL,BALI,XXL,2
MBYCOK-S,CUBISM MOCK,S,2
MBYCOK-XXL,CUBISM MOCK,XXL,1
MBYDOF-XS,DAY OF THE DEAD,XS,1
MBYDOF-S,DAY OF THE DEAD,S,3
MBYDOF-XXL,DAY OF THE DEAD,XXL,0
MBYEXS-S,EXOTIC SEA,S,1
MBYHPE-XXL,HIPPIE,XXL,0
MBYISP-S,ISLAND OF PARADISE,S,0
MBYISP-M,ISLAND OF PARADISE,M,0
MBYISP-L,ISLAND OF PARADISE,L,0
MBYISP-XL,ISLAND OF PARADISE,XL,0
MBYJPE-XS,JAPANESE VIEW,XS,1
MBYJPE-S,JAPANESE VIEW,S,2
MBYJPE-XXL,JAPANESE VIEW,XXL,2
MBYKRK-XS,KRAKEN,XS,1
MBYKRK-S,KRAKEN,S,2
MBYKRK-XXL,KRAKEN,XXL,2
MBYLEA-S,LEONANA,S,2
MBYLEA-XXL,LEONANA,XXL,3
MBYLTK-S,LOTUS KOY,S,2
MBYLTK-M,LOTUS KOY,M,2
MBYLTK-L,LOTUS KOY,L,0
MBYLTK-XL,LOTUS KOY,XL,0
MBYMAD-S,MEX CARD,S,0
MBYMAD-M,MEX CARD,M,0
MBYMAD-L,MEX CARD,L,0
MBYMAD-XL,MEX CARD,XL,0
MBYMCQ-XXL,MEXICAN SQUARE,XXL,1
MBYMDG-M,MAYAN DRAGON,M,3
MBYMEX-XS,MEX,XS,1
MBYMEX-S,MEX,S,2
MBYMEX-XXL,MEX,XXL,4
MBYMPO-S,MOVIE POSTER,S,0
MBYMPO-M,MOVIE POSTER,M,0
MBYMPO-L,MOVIE POSTER,L,0
MBYMPO-XL,MOVIE POSTER,XL,0
MBYMYN-S,MAYAN HEAD,S,1
MBYMYN-M,MAYAN HEAD,M,2
MBYMYN-L,MAYAN HEAD,L,0
MBYMYN-XL,MAYAN HEAD,XL,0
MBYNSK-XXL,NEWSPAPER,XXL,3
MBYOAT-XXL,POP ART,XXL,3
MBYPOW-S,KAPOW,S,1
MBYPOW-XXL,KAPOW,XXL,0
MBYSDW-XXL,SKULLMOND WHITE,XXL,4
MBYSKO-S,SKULL BLOOM,S,2
MBYTDY-S,TIE & DYE,S,2
MBYTKL-S,TIGER SKULL,S,1
MBYTKL-XXL,TIGER SKULL,XXL,0
MCYBIT-XS,BEND IT,XS,0
MCYBIT-XXL,BEND IT,XXL,1
MCYHVH-XS,HAVANA HIGH,XS,0
MCYHVH-S,HAVANA HIGH,S,0
MCYHVH-XXL,HAVANA HIGH,XXL,2
MCYMEL-XS,MELT,XS,1
MCYMEL-S,MELT,S,1
MCYMEL-XXL,MELT,XXL,2
MCYSRD-S,SACRED SKULL,S,0
MCYSUG-XS,SUNFLOWER GREY,XS,1
MCYTEL-XS,MOTEL 69,XS,0
MCYTEL-XXL,MOTEL 69,XXL,1
MBYDTP-S,DYSTOPIA,S,0
MBYDTP-M,DYSTOPIA,M,5
MBYDTP-L,DYSTOPIA,L,2
MBYDTP-XL,DYSTOPIA,XL,1
MBYKBK-S,KABUKI,S,1
MBYKBK-M,KABUKI,M,1
MBYKBK-L,KABUKI,L,1
MBYKBK-XL,KABUKI,XL,0
MBYMXG-S,MEXICOLLAGE,S,0
MBYMXG-M,MEXICOLLAGE,M,0
MBYMXG-L,MEXICOLLAGE,L,0
MBYMXG-XL,MEXICOLLAGE,XL,2
MBYNKO-M,NEKO,M,1
MBYNKO-L,NEKO,L,0
MBYNKO-XL,NEKO,XL,3
MBYTVN-M,TROPICAL VISION,M,3
MBYTVN-L,TROPICAL VISION,L,0
MBYTVN-XL,TROPICAL VISION,XL,0
MCYFMZ-S,FLAMAZING,S,0
MCYFMZ-M,FLAMAZING,M,1
MCYFMZ-XXL,FLAMAZING,XXL,0
MCYMCN-S,MANGA CARTOON,S,0
MBYCLB-M,CELEBRITY,M,0
MBYCLB-L,CELEBRITY,L,0
MBYCLB-XL,CELEBRITY,XL,3
MBYJLD-M,JAAP LAND,M,0
MBYPCS-M,PSYCODELIC,M,0
MBYPDS-M,PARADISE,M,0
MBYPDS-L,PARADISE,L,0
MBYPDS-XL,PARADISE,XL,0
MBYPYH-M,PAPAYEAH,M,0
MCYSBN-S,STREET BUNNY,S,0
MCYSTR-S,SWEET TREATS,S,0
MCYSTR-M,SWEET TREATS,M,0
MCYSTR-L,SWEET TREATS,L,0
MCYSTR-XL,SWEET TREATS,XL,0
MCYDVG-S,DEVIL GIRL,S,0
MCYDVG-M,DEVIL GIRL,M,1
MCYDVG-L,DEVIL GIRL,L,0
MCYDVG-XL,DEVIL GIRL,XL,3
MCYNLF-M,NIGHT LIFE,M,0
MCYNLF-L,NIGHT LIFE,L,0
MCYNLF-XL,NIGHT LIFE,XL,2
MBYCDS-S,CROWDED SIGN,S,0
MBYCDS-M,CROWDED SIGN,M,4
MBYCDS-L,CROWDED SIGN,L,3
MBYCDS-XL,CROWDED SIGN,XL,3
MBYFMR-S,FLORA MYRIAD,S,1
MBYFMR-M,FLORA MYRIAD,M,4
MBYFMR-L,FLORA MYRIAD,L,6
MBYFMR-XL,FLORA MYRIAD,XL,2
MBYHGS-S,HIGH SKULL,S,1
MBYHGS-M,HIGH SKULL,M,5
MBYHGS-L,HIGH SKULL,L,3
MBYHGS-XL,HIGH SKULL,XL,3
MBYKBM-S,KABUKIMONO,S,1
MBYKBM-M,KABUKIMONO,M,6
MBYKBM-L,KABUKIMONO,L,3
MBYKBM-XL,KABUKIMONO,XL,2
MBYTCL-S,TROPICAL LAH,S,1
MBYTCL-M,TROPICAL LAH,M,6
MBYTCL-L,TROPICAL LAH,L,6
MBYTCL-XL,TROPICAL LAH,XL,3
MBYVCE-S,VICE,S,1
MBYVCE-M,VICE,M,2
MBYVCE-L,VICE,L,2
MBYVCE-XL,VICE,XL,1
MBYWWR-S,WAYANG WANARA,S,0
MBYWWR-M,WAYANG WANARA,M,6
MBYWWR-L,WAYANG WANARA,L,4
MBYWWR-XL,WAYANG WANARA,XL,2
MBYCDR-S,CHINESE DRAGON,S,0
MBYCDR-M,CHINESE DRAGON,M,4
MBYCDR-L,CHINESE DRAGON,L,6
MBYCDR-XL,CHINESE DRAGON,XL,2
MBYKOR-S,KOREK,S,1
MBYKOR-M,KOREK,M,6
MBYKOR-L,KOREK,L,3
MBYKOR-XL,KOREK,XL,2
MCYGMY-S,GUMMY LOVE,S,0
MCYGMY-M,GUMMY LOVE,M,4
MCYGMY-L,GUMMY LOVE,L,1
MCYGMY-XL,GUMMY LOVE,XL,2
MCYGMY-XXL,GUMMY LOVE,XXL,0
